Company name;First name;Last name;Website;Email address;Country;City;Province/State;Phone number;Niche
Mold Testing Services;;;http://www.moldtestingal.com/;;US;Tuscaloosa;Alabama;(256) 589-5002;Mold Remediation
ServiceMaster Tuscaloosa;;;https://www.servicemasterrestore.com/servicemaster-professional-cleaning-services-tuscaloosa/#~6c4I085;;US;Tuscaloosa;Alabama;(205) 507-3220;Mold Remediation
Dry Fast of Tuscaloosa - Water Damage Restoration;;;https://calldryfast.com/locations/tuscaloosa-alabama/?utm_source=google&utm_medium=gmb&utm_campaign=profile;;US;Cottondale;Alabama;(205) 556-8320;Mold Remediation
Crawlspace Medic of Tuscaloosa;;;https://crawlspacemedic.com/locations/tuscaloosa-al/;;US;Tuscaloosa;Alabama;(205) 840-2020;Mold Remediation
Puraduct, LLC;;;https://www.puraduct.com/;;US;Tuscaloosa;Alabama;(205) 765-2243;Mold Remediation
Bioremsci, LLC;;;https://www.bioremsci.com/;;USA;;;(205) 657-2694;Mold Remediation
Roto-Rooter Plumbing & Water Cleanup;;;https://www.rotorooter.com/tuscaloosaal/?utm_source=Google&utm_medium=organic&utm_campaign=gmb&utm_content=website;;US;Tuscaloosa;Alabama;(205) 758-0235;Mold Remediation
Safe State Program;;;http://alabamasafestate.ua.edu/;;US;Tuscaloosa;Alabama;(205) 348-7136;Mold Remediation
Premier Service Company Inc;;;https://www.premierservicecompany.com/?utm_source=gmb&utm_medium=organic;;US;Tuscaloosa;Alabama;(205) 752-6332;Mold Remediation
Forever Foundation Repair;;;https://www.foreverfoundationrepair.com/;;US;Lima;Ohio;(419) 287-6932;Mold Remediation
Swartz Restoration & Emergency Services;;;https://swartzrestoration.com/services/water-mitigation/;;US;Lima;Ohio;(419) 331-1024;Mold Remediation
Master Maintenance;;;http://www.master-maintenance.com/;;US;Lima;Ohio;(800) 686-3192;Mold Remediation
The Basement Doctor;;;https://www.basementdoctornorthwest.com/?utm_source=gmb&utm_medium=organic&utm_campaign=gmb&utm_content=website;;US;Lima;Ohio;(419) 614-6427;Mold Remediation
Premier Contractors;;;http://www.premiercontractorsofamerica.com/;;US;Lima;Ohio;(419) 227-7663;Mold Remediation
Roto-Rooter Plumbing & Water Cleanup;;;https://www.rotorooter.com/limaoh/?utm_source=Google&utm_medium=organic&utm_campaign=gmb&utm_content=website;;US;Lima;Ohio;(419) 224-0016;Mold Remediation
Steam Doctor water damage & carpet cleaning;;;https://www.steamdoctorrestore.com/;;USA;;;(419) 227-8326;Mold Remediation
All Service Glass;;;http://www.allservglass.com/;;US;Lima;Ohio;(419) 227-0027;Mold Remediation
Serenity Mold Remediation, LLC;;;http://serenitymold.com/;;USA;;;;Mold Remediation
SERVPRO of Carlsbad;;;https://www.servpro.com/locations/ca/servpro-of-carlsbad?utm_medium=organic&utm_source=gbp;;US;Carlsbad;California;(760) 729-7505;Mold Remediation
Tamarack Restoration;;;https://www.tamarackrestoration.com/;;US;Carlsbad;California;(760) 500-2211;Mold Remediation
75 and Sunny Remediation;;;https://www.75andsunnyremediation.com/;;US;Carlsbad;California;(858) 736-5733;Mold Remediation
Pacific Flood Restoration, San Marcos;;;https://www.pacificflood.com/san-marcos/;;US;San Marcos;California;(760) 815-3033;Mold Remediation
All Dry Services of North County San Diego;;;https://www.myalldry.com/north-county-san-diego-california/;;US;Carlsbad;California;(760) 477-4800;Mold Remediation
RenewPro Restoration;;;https://renewprorestoration.com/?utm_source=GBP&utm_medium=GSC;;US;Carlsbad;California;(760) 935-0600;Mold Remediation
VM3 Environmental, Inc.;;;http://vm3enviro.com/;;US;San Marcos;California;(866) 513-6653;Mold Remediation
WavePeak Team;;;https://waterdamagerestorationcarlsbad.site/;;US;Carlsbad;California;(760) 254-0380;Mold Remediation
All Type Insulation Services, Inc.;;;https://alltypeinsulation.com/san-diego-county/;;US;Carlsbad;California;(760) 500-9551;Mold Remediation
Rolling Suds of San Diego-Carlsbad;;;https://rollingsudspowerwashing.com/san-diego-carlsbad/?utm_campaign=gmb;;US;Carlsbad;California;(760) 965-8699;Mold Remediation
Scout SoftWash;;;https://scoutsoftwash.com/;;US;Carlsbad;California;(760) 809-2753;Mold Remediation
CertaPro Painters of Carlsbad;;;https://certapro.com/carlsbad/?utm_source=google&utm_medium=organic&utm_campaign=gmb;;US;Carlsbad;California;(760) 579-8594;Mold Remediation
Mastercraft Home Improvement;;;https://mastercrafthi.com/?utm_campaign=gmb;;US;Carlsbad;California;(760) 977-5017;Mold Remediation
Don't Blink Painting Inc.;;;https://dontblinkpainting.com/painting-carlsbad-ca/;;US;Carlsbad;California;(858) 405-3744;Mold Remediation
Floor Coverings International - North County Coastal;;;https://floorcoveringsinternational.com/locations/us/ca/north-county-coastal/?utm_source=google&utm_medium=gb;;US;Carlsbad;California;(760) 452-3832;Mold Remediation
Mold Safe Solutions;;;https://moldsafesolutions.com/;;US;Carlsbad;California;(619) 332-3204;Mold Remediation
Superior Flood;;;http://www.superiorflood.com/;;US;Carlsbad;California;(760) 434-4555;Mold Remediation
Risk Free Serv Water Damage Repair Carlsbad;;;https://www.riskfreeserv.com/san-diego-ca/emergency-water-mold-restoration/carlsbad/;;US;Carlsbad;California;(760) 701-0185;Mold Remediation
Teak & Deck Professionals;;;https://teakanddeck.com/?utm_campaign=gmb;;US;Carlsbad;California;(760) 573-2064;Mold Remediation
Tidal Remodeling;;;https://tidalremodeling.com/;;US;Carlsbad;California;(760) 991-9032;Mold Remediation
Altitude Inc;;;https://www.altitudebuilt.com/;;US;Carlsbad;California;;Mold Remediation
Silver Olas Carpet Tile Flood Cleaning;;;https://silverolas.com/carlsbad;;US;Carlsbad;California;(760) 957-0731;Mold Remediation
Pacific Coast Construction & Waterproofing, Inc;;;http://pacificcoastcorporate.com/;;US;Carlsbad;California;(760) 298-3170;Mold Remediation
LeEtta Rudolph, HomeSmart Realty West;;;https://homesmart.com/real-estate-agent/california/carlsbad/23755-leetta-rudolph/Welcome;;US;Carlsbad;California;(760) 470-5617;Mold Remediation
Foundation Recovery Systems;;;https://www.foundationrecoverysystems.com/meet-the-team/springfield-il-sat/?utm_source=google&utm_medium=organic&utm_campaign=gmb_frs-spi;;US;Springfield;Illinois;(417) 922-4488;Mold Remediation
Vital Restoration;;;https://www.vitalrestoration.com/locations/springfield-il/;;US;Springfield;Illinois;(217) 679-0254;Mold Remediation
ServiceMaster DSI - Springfield;;;http://www.servicemasterrestore.com/servicemaster-restoration-by-dsi-springfield-illinois;;US;Springfield;Illinois;(217) 286-1483;Mold Remediation
SERVPRO of Springfield and Sangamon, Morgan, Cass, Macoupin, Montgomery Counties;;;https://www.servpro.com/locations/il/servpro-of-springfield-and-sangamon-morgan-cass-macoupin-montgomery-counties?utm_medium=organic&utm_source=gbp;;US;Springfield;Illinois;(217) 528-7775;Mold Remediation
Parkland Environmental Group Inc;;;https://www.parklandenvgroup.com/;;US;Springfield;Illinois;(217) 525-2935;Mold Remediation
Peerless Cleaning & Restoration Services;;;http://www.peerlessrestoration.com/;;US;Springfield;Illinois;(217) 787-0725;Mold Remediation
Indoor Environmental Testing Inc.;;;http://www.airinspector.com/;;US;Springfield;Illinois;(217) 871-8711;Mold Remediation
Stanley Steemer;;;https://www.stanleysteemer.com/locations/IL/Springfield/499;;US;Springfield;Illinois;(217) 788-6680;Mold Remediation
All-Pro Floor Care;;;https://allprofloorcare.com/;;US;Springfield;Illinois;(217) 528-4318;Mold Remediation
Petersburg Power Washing;;;https://petersburgpowerwashing.com/;;US;Springfield;Illinois;(217) 416-6388;Mold Remediation
Chase Environmental Group, Inc.;;;http://www.chaseenv.com/;;US;Springfield;Illinois;(217) 670-1916;Mold Remediation
Roto-Rooter Plumbing & Drain Services;;;https://www.rotorooter.com/springfieldil/;;US;Springfield;Illinois;(217) 717-8757;Mold Remediation
The Roofer Direct LLC;;;https://therooferdirect.com/;;US;Springfield;Illinois;(217) 299-2765;Mold Remediation
Melotte Morse Leonatti Parker;;;http://mmlpltd.com/;;US;Springfield;Illinois;(217) 789-9515;Mold Remediation
Mold Remediation And Restoration Everett;;;http://moldremediationandrestorationeverett.com/;;US;Everett;Washington;(425) 474-7916;Mold Remediation
Everett Mold Removal Co.;;;http://www.moldeverett.com/;;US;Everett;Washington;(425) 578-5370;Mold Remediation
Cleardry;;;http://cleardrywaterdamagerestorationeverett.com/;;US;Everett;Washington;(425) 470-4294;Mold Remediation
Travers Water Damage Restoration Services;;;https://traversfloodservices.com/;;US;Everett;Washington;(425) 552-5856;Mold Remediation
PuroClean Professional Restoration;;;https://www.puroclean.com/everett-wa-puroclean-professional-restoration?src=GMB;;US;Everett;Washington;(425) 276-7299;Mold Remediation
BlueCrest Crew;;;https://waterdamagerestorationeverett.site/;;US;Everett;Washington;(425) 264-7060;Mold Remediation
Alpine Cleaning and Restoration;;;https://www.alpinecleaning.net/?utm_source=GMB&utm_medium=organic&utm_campaign=Everett;;US;Everett;Washington;(425) 970-8205;Mold Remediation
TOV Restoration - Water, Fire, and Mold Damage;;;http://www.tovrestoration.com/;;US;Everett;Washington;(425) 350-9283;Mold Remediation
Attic Projects;;;https://atticprojectscompany.com/?utm_source=google&utm_medium=organic&utm_campaign=gmb;;US;Everett;Washington;(425) 516-1055;Mold Remediation
SurgePeak Co;;;https://everettwaterdamagerestoration.site/;;US;Everett;Washington;(425) 264-7062;Mold Remediation
DeckReCover;;;https://deckrecover.com/contact/;;US;Everett;Washington;(425) 371-9121;Mold Remediation
J&J Roof Cleaning Services LLC;;;https://jandjroofcleaningservices.com/;;US;Everett;Washington;(425) 371-6924;Mold Remediation
United Seattle Residential Construction;;;http://www.unitedseattle.com/;;US;Everett;Washington;(206) 427-9900;Mold Remediation
Add Bath;;;https://add-bath.com/;;US;Everett;Washington;(425) 550-9475;Mold Remediation
Sound Crawls;;;https://www.soundcrawls.com/;;US;Everett;Washington;(425) 371-4451;Mold Remediation
EVRNEW;;;https://www.evrnew.com/;;US;Everett;Washington;(425) 366-4941;Mold Remediation
Allied Waterproofing & Drainage;;;http://alliedwaterproof.com/;;US;Everett;Washington;(206) 624-7333;Mold Remediation
Emerald City;;;http://www.emeraldcitycleaning.com/;;US;Seattle;Washington;(206) 529-4700;Mold Remediation
Roto-Rooter Plumbing & Water Cleanup;;;https://www.rotorooter.com/everettwa/?utm_source=Google&utm_medium=organic&utm_campaign=gmb&utm_content=website;;US;Everett;Washington;(425) 412-9424;Mold Remediation
Rainbow International of Beaumont;;;https://rainbowrestores.com/beaumont?cid=LSTL_RBW000202&utm_source=gmb&utm_campaign=local&utm_medium=organic;;US;Beaumont;Texas;(409) 299-5444;Mold Remediation
Beaumont Demolition;;;https://www.beaumontdemolition.com/;;US;Beaumont;Texas;(866) 305-2601;Mold Remediation
Frog Wash Pressure Washing;;;http://frogwash.net/;;US;Beaumont;Texas;(409) 504-9200;Mold Remediation
American Roofing & Construction;;;http://www.american-construction.org/;;US;Beaumont;Texas;(409) 489-6654;Mold Remediation
Apollo Environmental Strategy;;;http://www.apolloenvironmental.com/;;US;Beaumont;Texas;(409) 833-3330;Mold Remediation
HomeTeam of Beaumont;;;http://www.hometeam.com/beaumont;;USA;;;(409) 230-0421;Mold Remediation
Mechanical Specialty Systems;;;https://web.agcsetx.com/HVAC/Mechanical-Specialty-Systems,-LLC-125;;US;Beaumont;Texas;;Mold Remediation
All Points Environmental, LLC - Industrial Hygiene Services & Safety Training in Texas;;;https://allpointsenviro.com/contact-us;;US;Beaumont;Texas;(409) 842-4094;Mold Remediation
Mr. Rooter Plumbing of Beaumont;;;https://www.mrrooter.com/beaumont/?cid=LSTL_MRR000199&utm_source=gmb&utm_campaign=local&utm_medium=organic;;USA;;;(409) 203-3909;Mold Remediation
SERVPRO of Murrieta;;;https://www.servpro.com/locations/ca/servpro-of-murrieta?utm_medium=organic&utm_source=gbp;;US;Murrieta;California;(951) 894-4392;Mold Remediation
Inland Valley Restoration;;;https://inlandvalleyrestoration.com/;;US;Murrieta;California;(951) 267-4333;Mold Remediation
Flood Force;;;https://callfloodforce.com/;;US;Murrieta;California;(951) 837-7816;Mold Remediation
Five Star Restoration;;;https://www.team5starrestore.com/;;US;Murrieta;California;(951) 368-2227;Mold Remediation
Grammatico Restoration;;;https://grammaticorestoration.com/;;US;Murrieta;California;(800) 830-8206;Mold Remediation
Rapid Clean Restoration;;;https://rapidcleanrestoration.com/?utm_source=google&utm_medium=organic&utm_campaign=GBP;;US;Murrieta;California;(877) 553-5663;Mold Remediation
Paul Davis Restoration of Temecula Valley;;;https://temecula.pauldavis.com/;;US;Murrieta;California;(951) 444-8794;Mold Remediation
Roto-Rooter Plumbing & Water Cleanup;;;https://rotorooterca.com/plumber/murrieta-ca/?utm_source=google&utm_medium=organic&utm_campaign=gbp_murrieta_las_brisas;;US;Murrieta;California;(951) 257-9986;Mold Remediation
Southern Ca Home Inspections;;;http://www.socalhomeinspection.com/;;US;Murrieta;California;(951) 461-9769;Mold Remediation
Fire Damage Rescue - Murrieta;;;https://firedamagerestorationmurrietaca.com/;;USA;;;(951) 338-7190;Mold Remediation
RCR Mold Remediation;;;https://rcrsocal.com/gbp;;USA;;;(951) 234-5658;Mold Remediation
RCR Environmental;;;https://rcrmold.com/gbp;;USA;;;(951) 225-1445;Mold Remediation
CUTTING EDGE RESTORATION, INC of RIVERSIDE;;;http://www.cuttingedgeconstruction.biz/;;US;Murrieta;California;(951) 249-5253;Mold Remediation
Silver Olas Carpet Tile Flood Cleaning;;;https://silverolas.com/murrieta/;;US;Murrieta;California;(951) 579-4200;Mold Remediation
1-800 Water Damage of Murrieta/Temecula;;;https://www.1800waterdamage.com/murrieta-temecula/;;USA;;;(951) 309-7709;Mold Remediation
Workman Constructors Inc;;;http://www.workgc.com/;;US;Murrieta;California;(951) 600-9587;Mold Remediation
SERVPRO of Rio Rancho/Sandoval County;;;https://www.servpro.com/locations/nm/servpro-of-rio-rancho-sandoval-county?utm_medium=organic&utm_source=gbp;;US;Rio Rancho;New Mexico;(505) 891-2345;Mold Remediation
911;;;https://www.911restorationalbuquerque.com/?utm_source=google&utm_medium=organic&utm_campaign=gmb;;US;Rio Rancho;New Mexico;(505) 225-2254;Mold Remediation
Performance Contracting Inc;;;https://www.performancecontracting.com/;;US;Rio Rancho;New Mexico;(505) 922-1237;Mold Remediation
Flood 1 Restoration;;;https://flood1restoration.com/;;US;Temecula;California;(888) 432-4373;Mold Remediation
Precision Mold Testing;;;http://precisionmoldtesting.net/;;US;Temecula;California;(858) 203-0108;Mold Remediation
Home Perfect;;;https://homeperfectsocal.com/;;US;Temecula;California;(951) 303-1333;Mold Remediation
Rona Restoration Water and Smoke;;;http://ronarestorationwaterandsmoke.xyz/;;US;Temecula;California;(909) 351-5590;Mold Remediation
Renovation Pros;;;https://www.renpros.com/?utm_source=google&utm_medium=organic&utm_campaign=google_my_business&utm_content=website_link;;US;Temecula;California;(951) 225-1570;Mold Remediation
PuroClean Restoration Experts;;;https://www.puroclean.com/temecula-ca-puroclean-restoration-experts;;US;Temecula;California;(951) 651-0202;Mold Remediation
Rainbow International of Temecula;;;https://rainbowrestores.com/temecula?cid=LSTL_RBW000202&utm_source=gmb&utm_campaign=local&utm_medium=organic;;US;Temecula;California;(951) 414-1199;Mold Remediation
O R Construction Inc.;;;http://orconstructioninc.com/;;US;Temecula;California;(951) 698-2452;Mold Remediation
SERVPRO of Temecula;;;https://www.servpro.com/locations/ca/servpro-of-temecula?utm_medium=organic&utm_source=gbp;;USA;;;(951) 695-3397;Mold Remediation
Rider Restoration Services;;;https://riderrestoration.com/Contacts/;;US;Temecula;California;(951) 257-9717;Mold Remediation
Flood Response Restoration Services;;;https://floodresponse.com/?utm_source=GMB&utm_medium=local;;US;Temecula;California;(951) 720-1929;Mold Remediation
S&S Restoration Inc;;;https://www.ssrestorationinc.com/;;US;Temecula;California;(800) 608-8447;Mold Remediation
True North General Contracting, Inc;;;https://tngcinc.com/;;US;Temecula;California;(951) 805-9180;Mold Remediation
Temecula Leak Detection;;;https://temeculaleakdetection.com/;;USA;;;(951) 228-5325;Mold Remediation
Team 1 Restoration Inc;;;https://team1restoration.com/;;US;Temecula;California;(951) 296-5297;Mold Remediation
Cisneros Brothers Plumbing, Heating & AC Repair, Water Damage Restoration & Flood Services;;;https://www.855gotclog.com/temecula/?utm_source=google&utm_medium=search_engine&utm_campaign=gmb;;US;Temecula;California;(951) 584-1805;Mold Remediation
Cutting Edge Construction;;;http://www.cuttingedgeconstruction.biz/;;US;Temecula;California;(877) 535-4360;Mold Remediation
Roto-Rooter Plumbing & Water Cleanup;;;https://rotorooterca.com/plumber/temecula-ca/?utm_source=google&utm_medium=organic&utm_campaign=gbp_temecula;;US;Temecula;California;(951) 257-9986;Mold Remediation
Wall Works;;;https://mywallworks.com/;;US;Temecula;California;(951) 297-7749;Mold Remediation
California Home Center;;;https://chcremodeling.com/;;US;Temecula;California;(951) 889-7577;Mold Remediation
Mission Flood Restoration;;;https://www.temeculawaterdamage.com/;;USA;;;(951) 383-6195;Mold Remediation
DMD Innovative Development, Inc.;;;http://www.dmddevelopment.com/;;US;Temecula;CA;(951) 252-3347;Mold Remediation
Workman Constructors, INC.;;;http://workgc.com/;;US;Temecula;California;(951) 600-9587;Mold Remediation
EC Restore;;;https://ecrestore.com/;;US;Concord;New Hampshire;(603) 602-8464;Mold Remediation
EOC Environmental Lakes Region;;;http://ovou.me/adrien;;US;Concord;New Hampshire;(207) 604-0470;Mold Remediation
BELFOR Property Restoration (New Hampshire);;;https://www.belfor.com/us/en/belfor-new-hampshire/;;US;Concord;New Hampshire;(603) 943-7680;Mold Remediation
MRP Construction & Restoration, LLC;;;http://www.mrp-construction.com/;;US;Concord;New Hampshire;(603) 223-4002;Mold Remediation
Turner Building Science & Design;;;https://www.turnerbuildingscience.com/index.php/about-us/career-opportunities;;US;Concord;New Hampshire;(800) 439-3446;Mold Remediation
Twin Oaks Home Inspection LLC;;;http://twin-oaks-home-inspection.com/;;US;Concord;New Hampshire;(603) 731-8234;Mold Remediation
New Heights Roofing;;;https://newheightsroofingnh.com/?utm_source=Next&utm_medium=Google_Website;;US;Concord;New Hampshire;(603) 548-4484;Mold Remediation
Michael Panish, Construction Expert Witness, Door, Gate & Automatic Door Expert;;;http://www.constructionwitness.com/;;US;Concord;New Hampshire;(888) 902-4272;Mold Remediation
Spartan Restoration Tyler TX;;;https://spartanmit.com/;;US;Tyler;Texas;(903) 881-3098;Mold Remediation
ERI Consulting Inc;;;http://www.ericonsulting.com/;;US;Tyler;Texas;(903) 534-5001;Mold Remediation
1-800 Water Damage of NE TX & NW LA;;;https://www.1800waterdamage.com/northeast-texas-northwest-louisiana/;;US;Tyler;Texas;(903) 833-7539;Mold Remediation
Specialty Restoration of Texas;;;http://www.specialtyrestorationoftexas.com/?utm_source=google&utm_medium=organic&utm_campaign=gmb&utm_content=tyler;;US;Tyler;Texas;(903) 561-1100;Mold Remediation
Air Rx Professional Duct Cleaning & Air Solutions;;;http://www.airrxprostx.com/;;US;Tyler;Texas;(903) 407-9582;Mold Remediation
Stanley Steemer;;;https://www.stanleysteemer.com/locations/TX/Tyler/668;;US;Tyler;Texas;(903) 534-8088;Mold Remediation
Tyler Area Builders Association;;;http://www.tylerareabuilders.com/;;US;Tyler;Texas;(903) 561-3964;Mold Remediation
Roofing Tyler TX;;;http://www.roofingtylertxpro.com/;;US;Tyler;Texas;(903) 560-4072;Mold Remediation
Re-Bath;;;https://www.rebath.com/location/tyler/?utm_source=google&utm_medium=organic&utm_campaign=gmb;;US;Tyler;Texas;(903) 617-5580;Mold Remediation
SERVPRO of Davie & Yadkin Counties;;;https://www.servpro.com/locations/nc/servpro-of-davie-yadkin-counties?utm_medium=organic&utm_source=gbp;;US;Mocksville;North Carolina;(336) 677-1415;Mold Remediation
Davie Property Restoration;;;https://www.daviepropertyrestoration.com/;;US;Mocksville;North Carolina;(336) 223-6656;Mold Remediation
Dogwood Crawlspaces;;;https://dogwoodcrawlspaces.com/?utm_source=google&utm_medium=organic&utm_campaign=gmb-listing;;US;Advance;North Carolina;(704) 594-0965;Mold Remediation
Stratton Radon Removal;;;https://www.strattonradonremoval.com/?utm_source=google&utm_medium=organic&utm_campaign=gmb-bermuda-run&utm_content=website;;US;Bermuda Run;North Carolina;(336) 439-3443;Mold Remediation
Jordan’s Exterior Cleaning;;;http://www.jordanspressurewash.com/;;USA;;;(336) 671-6887;Mold Remediation
FRANKLIN BUILDERS;;;http://www.franklinbuildersnc.com/;;US;Mocksville;North Carolina;(336) 909-2021;Mold Remediation
Global Drying Equipment;;;http://www.globaldryingeqpt.com/;;US;Atlanta;Georgia;(888) 794-5308;Mold Remediation
Renew Textile and Electronics Restoration;;;https://www.renewclean.com/;;US;Atlanta;Georgia;(800) 732-0837;Mold Remediation
Contractors Inc;;;https://contractorsinc.com/locations/atlanta/;;US;Atlanta;Georgia;(678) 489-2900;Mold Remediation
SL Restoration;;;http://www.slrestoration.net/;;USA;;;(888) 585-1260;Mold Remediation
River City Mold Removal Solutions;;;http://moldremovalpeoriail.com/;;US;Peoria;Illinois;;Mold Remediation
Roto-Rooter Plumbing, Drain, & Water Damage Cleanup Service;;;http://www.rotorooter.com/;;US;Peoria;Illinois;(309) 270-2477;Mold Remediation
Stanley Steemer;;;https://www.stanleysteemer.com/locations/IL/Peoria/558;;US;Peoria;Illinois;(309) 692-1990;Mold Remediation
Maillarde Water Damage;;;http://maillardewaterdamage.com/locations/peoria/;;US;Peoria;Illinois;(309) 223-8084;Mold Remediation
Loyalty Publishing;;;http://www.skylinepub.net/;;US;Peoria;Illinois;(800) 893-9309;Mold Remediation
M & O Insulation Co;;;http://mocompany.com/;;US;Peoria;Illinois;(309) 692-6700;Mold Remediation
Hoagland Construction;;;http://www.hoaglandconstruction.com/;;US;Peoria;Illinois;(309) 692-1990;Mold Remediation
360 Hazardous Cleanup;;;https://360haz.com/service-areas/peoria/?utm_source=GMB&utm_medium=organic;;US;Peoria;Illinois;(309) 322-6937;Mold Remediation
Steam Green Carpet Cleaning and Restoration;;;http://www.steam-green.com/;;US;Peoria;Illinois;(309) 282-7453;Mold Remediation
Restoration Builders of Illinois;;;https://restorbuilders.com/locations/peoria-illinois/?utm_medium=local&utm_source=gmb&utm_campaign=peoria;;US;Peoria;Illinois;(309) 346-6604;Mold Remediation
McMahill & Sons Construction;;;http://www.mcmahillandsons.com/;;US;Peoria;Illinois;(309) 676-2597;Mold Remediation
PuroClean of Peoria;;;https://www.puroclean.com/bloomington-il/;;US;Peoria;Illinois;(309) 431-4003;Mold Remediation
Better Business Bureau of Central Illinois;;;https://www.bbb.org/local-bbb/bbb-of-central-illinois;;US;Peoria;Illinois;(309) 688-5124;Mold Remediation
PuroClean of South Reno;;;https://www.puroclean.com/reno-nv-puroclean-south-reno;;US;Sparks;Nevada;(775) 446-4646;Mold Remediation
Nevada Water & Fire Restoration;;;https://nvwaterandfire.com/?utm_campaign=gmb&utm_medium=organic&utm_source=gmb;;US;Sparks;Nevada;(775) 200-9619;Mold Remediation
RestoPros of Reno-Tahoe;;;https://www.restopros.co/nv-reno-central;;US;Sparks;Nevada;(775) 446-6001;Mold Remediation
Aura Abatement;;;https://auraabatement.com/;;US;Sparks;Nevada;(775) 800-3310;Mold Remediation
24 Hour Flood Pros of Reno;;;https://www.24hourfloodpros.com/?utm_source=gmb&utm_medium=organic;;US;Sparks;Nevada;(775) 899-8753;Mold Remediation
Natura Pest Control;;;https://www.naturapc.com/nevada/sparks?utm_source=gbp_listing&utm_medium=organic;;US;Sparks;Nevada;(775) 325-5615;Mold Remediation
SERVPRO of Reno East;;;https://www.servpro.com/locations/nv/servpro-of-reno-east?utm_medium=organic&utm_source=gbp;;US;Sparks;Nevada;(775) 430-3842;Mold Remediation
1-888-4-Abatement, Inc.;;;https://www.1-888-4-abatement.com/;;US;Sparks;Nevada;(775) 657-6260;Mold Remediation
Diamond G Construction, Inc. | General Contractor;;;https://www.diamondgconstructioninc.com/;;US;Sparks;Nevada;(775) 851-2226;Mold Remediation
Advance Installations Inc.;;;http://advanceinstallations.com/;;US;Sparks;Nevada;(775) 359-1468;Mold Remediation
Junk Patrol - Junk & Snow Removal;;;http://junkpatrolreno.com/;;US;Sparks;Nevada;(775) 234-8204;Mold Remediation
Sierra Cleaning Systems;;;http://www.sierracleaningsystems.com/;;US;Sparks;Nevada;(775) 358-8802;Mold Remediation
Servicemaster sparks;;;https://www.servicemasterrestore.com/servicemaster-restoration-services-reno/;;US;Sparks;Nevada;;Mold Remediation
Kodiak Roofing & Waterproofing;;;https://www.kodiakroofing.com/;;US;Sparks;Nevada;(775) 562-3800;Mold Remediation
All Hours Air;;;https://allhoursair.com/?utm_source=gmb&utm_medium=organic;;US;Sparks;Nevada;(775) 234-3893;Mold Remediation
PuroClean of Santa Maria;;;https://www.puroclean.com/santa-maria-ca-puroclean-santa-maria;;US;Santa Maria;California;(805) 975-0800;Mold Remediation
New Life;;;http://newliferestoration.net/;;US;Santa Maria;California;(805) 925-1600;Mold Remediation
SERVPRO of Santa Maria;;;https://www.servpro.com/locations/ca/servpro-of-santa-maria?utm_medium=organic&utm_source=gbp;;US;Santa Maria;California;(805) 922-5457;Mold Remediation
Restoration Masters;;;https://www.restorationmasters.co/;;US;Santa Maria;California;(805) 242-1108;Mold Remediation
Integrity Restoration & Floor Covering Inc.;;;https://www.integrityrestorations805.com/;;US;Santa Maria;California;(805) 354-0005;Mold Remediation
QwikResponse Restoration and Construction;;;https://www.qwikresponse.com/;;US;Santa Maria;California;(805) 925-0111;Mold Remediation
Precision Environmental;;;https://www.precisionenv.com/;;US;Santa Maria;California;(800) 375-7786;Mold Remediation
ServiceMaster Anytime;;;http://www.svma.com/;;US;Santa Maria;California;(805) 322-5806;Mold Remediation
Abatex Environmental;;;https://www.goabatex.com/;;US;Santa Maria;California;(833) 248-0688;Mold Remediation
Advanced Property Services Inc.;;;https://www.advpropertyservices.com/;;US;Santa Maria;California;(805) 934-8486;Mold Remediation
GN Roofing;;;https://gnroofingcontractor.net/;;US;Santa Maria;California;(805) 878-4395;Mold Remediation
Global Restoration Express;;;https://waterdamagerestorationsantamaria.com/;;USA;;;(805) 678-0375;Mold Remediation
New Life Painting;;;https://newlifepainting.com/?utm_source=google+my+business&utm_medium=organic&utm_campaign=website;;US;Santa Maria;California;(805) 937-9836;Mold Remediation
New Life Kitchen & Bath;;;https://www.newlifehi.com/;;US;Santa Maria;California;(805) 639-5433;Mold Remediation
Installation Services;;;https://www.lowes.com/l/lowes-home-services.html?cm_mmc=lod-_-c-_-lcl-_-ext-_-yxt-_-go-_-3352-_-na-_-0-_-0;;US;Santa Maria;California;;Mold Remediation
SERVPRO of Gresham;;;https://www.servpro.com/locations/or/servpro-of-gresham?utm_medium=organic&utm_source=gbp;;US;Gresham;Oregon;(503) 665-7752;Mold Remediation
M&M ABATEMENT & RESTORATION LLC;;;https://sites.google.com/view/mm-abatement-restoration/home;;US;Gresham;Oregon;(503) 890-3926;Mold Remediation
Pacific Water & Fire Restoration;;;https://pacificwaterandfirerestoration.com/;;US;Gresham;Oregon;(503) 201-7337;Mold Remediation
Rapid Restoration & Remodel of Portland;;;https://rapidwaterrestorations.com/;;US;Portland;Oregon;(503) 461-6379;Mold Remediation
J&R NW Construction;;;https://jandrnw.com/;;US;Portland;Oregon;(503) 998-2340;Mold Remediation
Roto-Rooter Plumbing & Water Cleanup;;;https://www.rotorooter.com/greshamor/?utm_source=Google&utm_medium=organic&utm_campaign=gmb&utm_content=website;;US;Gresham;Oregon;(503) 446-4956;Mold Remediation
West coast Roofers & Gutters llc;;;https://westcoastroofersllc.com/;;US;Portland;Oregon;(971) 227-3353;Mold Remediation
GNC Construction, Corp.;;;http://gncconstructionco.com/;;US;Gresham;Oregon;(503) 432-0632;Mold Remediation
SERVPRO of Pueblo;;;https://www.servpro.com/locations/co/servpro-of-pueblo?utm_medium=organic&utm_source=gbp;;US;Pueblo;Colorado;(719) 544-7165;Mold Remediation
Property Craft of Pueblo;;;https://propertycraft.net/service-areas/pueblo/?utm_source=GBPListing&utm_medium=organic;;US;Pueblo;Colorado;(719) 695-7800;Mold Remediation
Mountain States;;;http://www.mountainstatesrestoration.com/;;US;Pueblo;Colorado;(719) 225-8208;Mold Remediation
LTS Resource;;;http://ltsresource.com/;;US;Pueblo;Colorado;(719) 569-7576;Mold Remediation
All-Phase Environmental Inc;;;https://www.allphaseenvironmental.com/;;US;Pueblo;Colorado;(719) 545-0375;Mold Remediation
Exodus Restoration LLC;;;http://www.exodusrestoration.com/;;US;Pueblo;Colorado;(719) 396-9298;Mold Remediation
Groundworks;;;https://www.groundworks.com/locations/groundworks-colorado-springs/pueblo-sat/?utm_source=google&utm_medium=organic&utm_campaign=gmb_pek-pub;;US;Pueblo;Colorado;(719) 417-4949;Mold Remediation
Steel City Pro Roofing;;;http://pueblo-roofrepair.com/;;US;Pueblo;Colorado;(719) 497-5879;Mold Remediation
Roto-Rooter Plumbing & Drain Services;;;https://www.rotorooter.com/puebloco/?utm_source=Google&utm_medium=organic&utm_campaign=gmb&utm_content=website;;US;Pueblo;Colorado;(719) 415-4231;Mold Remediation
PuroClean Restoration Services;;;https://www.puroclean.com/portland-or-puroclean-restoration-services;;US;Hillsboro;Oregon;(503) 820-5200;Mold Remediation
SERVPRO of Cedar Mill/Oak Hills;;;https://www.servpro.com/locations/or/servpro-of-cedar-mill-oak-hills?utm_medium=organic&utm_source=gbp;;US;Hillsboro;Oregon;(503) 619-6198;Mold Remediation
Ethos Water Restoration Portland;;;http://ethosrestore.com/;;US;Hillsboro;Oregon;(971) 442-3000;Mold Remediation
Pacific NW Restoration;;;https://www.portlandwaterdamagerestoration.com/;;US;Hillsboro;Oregon;(503) 647-4832;Mold Remediation
Accuracy Property;;;http://accuracyusa.com/;;US;Hillsboro;Oregon;(971) 719-5701;Mold Remediation
Vital Restoration;;;https://www.vitalrestoration.com/location/portland-or/;;US;Hillsboro;Oregon;(503) 664-6907;Mold Remediation
AccuGuard Environmental;;;https://accuguardenviro.com/;;US;Hillsboro;Oregon;(971) 251-2541;Mold Remediation
Portland NW Water Damage Restoration;;;https://www.pnwrestorationservice.com/;;US;Hillsboro;Oregon;(971) 424-4730;Mold Remediation
New System Inc.;;;http://www.nsrestoration.com/;;US;Hillsboro;Oregon;(971) 645-3138;Mold Remediation
Elevate Heating & Cooling, Inc;;;https://elevateheating.com/?utm_source=GMB&utm_medium=organic&utm_campaign=GMB-website-link;;US;Hillsboro;Oregon;(503) 832-6607;Mold Remediation
IRS Environmental of Portland;;;http://www.irsenvironmental.com/;;US;Hillsboro;Oregon;(503) 693-6388;Mold Remediation
DaBella;;;https://dabella.us/location/portland/?utm_source=GBP&utm_medium=link&utm_campaign=portlandORGBP&utm_id=Google+Business+Profile+Clicks;;US;Hillsboro;Oregon;(971) 251-1650;Mold Remediation
Tidy Detailing;;;https://tidy-detailing.square.site/;;USA;;;(503) 808-0476;Mold Remediation
Titan Exteriors, LLC;;;http://www.titanexteriorsnw.com/;;US;Hillsboro;Oregon;(503) 746-7648;Mold Remediation
Green Guard Mold Remediation of Edison;;;https://www.greenguardmoldremediationedison.com/;;US;Edison;New Jersey;(908) 762-8046;Mold Remediation
New Method Restoration;;;https://newmethodrestoration.com/;;US;Edison;New Jersey;(888) 898-1768;Mold Remediation
RestoreCore;;;https://restorecore.com/;;US;Edison;New Jersey;(800) 231-1281;Mold Remediation
Indoor Mold Testing New Jersey;;;https://indoormoldtestingnewjersey.com/;;US;Edison;New Jersey;(732) 290-5970;Mold Remediation
Nexa Water Restoration;;;https://nexawaterrestoration.com/;;US;Edison;New Jersey;(732) 576-3955;Mold Remediation
ServiceMaster Restoration;;;http://servicemasterbycomplete.com/;;US;Edison;New Jersey;(732) 840-3570;Mold Remediation
Stanley Steemer;;;https://www.stanleysteemer.com/locations/NJ/Edison/1028;;US;Edison;New Jersey;(732) 985-7776;Mold Remediation
ServiceMaster Professional Restoration and Recovery Services;;;https://www.servicemasterprofessionalrestoration.com/;;US;Edison;New Jersey;(732) 985-5599;Mold Remediation
Thompson Roof Cleaning & Power Washing;;;https://thompsonpowerwashing.com/;;US;Edison;New Jersey;(732) 726-9261;Mold Remediation
LaRose Mobile Detailing;;;http://instagram.com/larosedetailing;;US;Edison;New Jersey;(908) 421-6754;Mold Remediation
OnTrack Realty;;;https://www.ontrackrealty.com/;;US;Edison;NJ;(732) 494-2211;Mold Remediation
PuroClean of Sugarland South;;;https://www.puroclean.com/houston-tx-puroclean-sugarland-south;;US;Sugar Land;Texas;(281) 916-2002;Mold Remediation
Flood Masters Sugar Land;;;https://sugarland.flood---damage.com/h;;US;Sugar Land;Texas;(832) 981-5698;Mold Remediation
Pure Maintenance of Texas;;;https://puremaintenancetx.com/;;US;Sugar Land;Texas;(281) 220-1425;Mold Remediation
GEI Sugar Land;;;https://geiwaterdamagerestoration.com/sugar-land/;;US;Sugar Land;Texas;(281) 626-8904;Mold Remediation
Elite Sugar Land;;;https://eliterestorationguys.com/sugarland-tx/;;US;Sugar Land;Texas;(832) 532-8065;Mold Remediation
SERVPRO of Sugar Land;;;https://www.servpro.com/locations/tx/servpro-of-sugar-land?utm_medium=organic&utm_source=gbp;;US;Sugar Land;Texas;(281) 313-1338;Mold Remediation
Bowman Water Damage Restoration;;;https://bowmanwatermissionbend.com/;;US;Sugar Land;Texas;(281) 417-5324;Mold Remediation
2inspect;;;https://www.2-inspect.com/;;US;Sugar Land;Texas;(713) 865-3722;Mold Remediation
New Era Steam Cleaning And Restoration;;;http://neweracleaning.com/;;US;Sugar Land;Texas;(713) 906-0918;Mold Remediation
Professional Cleaners in Territory TX;;;http://tilegroutcleaningnewterritory.com/;;US;Sugar Land;Texas;(281) 858-3292;Mold Remediation
InspekTex LLC;;;https://www.inspektex.com/;;US;Sugar Land;Texas;(832) 615-7566;Mold Remediation
CertaPro Painters of Central Fort Bend, TX;;;https://certapro.com/fort-bend-central/landing-page/residential-gbp-landing/?utm_source=google&utm_medium=organic&utm_campaign=gbp_landing;;US;Sugar Land;Texas;(281) 965-3401;Mold Remediation
Flood Pros USA;;;https://www.floodprosusa.com/;;US;Sugar Land;Texas;(800) 250-4918;Mold Remediation
Mold Testing Houston - Sugar Land;;;https://moldtesting-houston.com/test-today-sugarland/;;USA;;;(832) 753-6869;Mold Remediation
Trinity Roofing & Restoration Sugar Land;;;https://www.trinityrestoretx.com/;;US;Sugar Land;Texas;(281) 782-7116;Mold Remediation
Sugar Land Air Duct Cleaning;;;https://www.duct-care-experts.com/home;;US;Sugar Land;Texas;(832) 810-4319;Mold Remediation
Air Quality Experts TX - Duct Cleaning & Installation;;;https://www.airqualityexpertstx.com/;;US;Sugar Land;Texas;(346) 803-2982;Mold Remediation
Mighty Dog Roofing of Southwest Houston;;;https://www.mightydogroofing.com/stafford-tx?frlocid=mdr-107&utm_source=gbp&utm_medium=organic+search;;US;Sugar Land;Texas;(281) 918-8779;Mold Remediation
Clean As A Whistle;;;http://www.cleanasawhistlehouston.com/;;US;Sugar Land;Texas;(713) 784-4648;Mold Remediation
Roto-Rooter Plumbing & Water Cleanup;;;https://www.rotorooter.com/sugarlandtx/?utm_source=Google&utm_medium=organic&utm_campaign=gmb&utm_content=website;;US;Sugar Land;Texas;(281) 302-4080;Mold Remediation
SERVPRO of Downey;;;https://www.servpro.com/locations/ca/servpro-of-downey?utm_medium=organic&utm_source=gbp;;US;Downey;California;(562) 392-3007;Mold Remediation
Rainbow Restoration of Downey and Bellflower;;;https://rainbowrestores.com/downey-bellflower?cid=LSTL_RBW000202&utm_source=gmb&utm_campaign=local&utm_medium=organic;;US;Downey;California;(562) 512-3747;Mold Remediation
AD Improvements Inc;;;http://www.adimprovements.com/;;US;Downey;California;(562) 454-9013;Mold Remediation
Aetherix Peak;;;https://waterdamagerestorationservicesdowney.shop/;;US;Downey;California;(562) 279-9497;Mold Remediation
Champ;;;https://waterdamagechamp.com/in/Downey-Ca/;;US;Downey;California;(562) 635-8160;Mold Remediation
Art By Brush Painting Service;;;http://artbybrushps.com/;;US;Downey;California;(562) 292-6465;Mold Remediation
Sr Maintenance & Management Inc;;;http://www.srmminc.com/;;US;Downey;California;(562) 776-9040;Mold Remediation
GE Environmental Consulting Services;;;https://www.geenvironmentalservices.com/;;US;Downey;California;(562) 480-3234;Mold Remediation
Peace of Mind Decontamination Service;;;https://www.peaceofminddecontamination.com/;;US;Downey;California;(562) 392-2003;Mold Remediation
Eagle Eye Property Inspections;;;https://getinspector.com/;;US;Downey;California;(800) 893-4669;Mold Remediation
McKinnon & Sons Plumbing & Rooter Service;;;https://www.mckinnonplumbing.com/;;US;Downey;California;(562) 955-0001;Mold Remediation
Mold Removal Guys;;;https://www.moldremovalguys.com/;;US;Costa Mesa;California;(949) 710-2111;Mold Remediation
All Dry;;;https://www.myalldry.com/orange-county-california/;;US;Costa Mesa;California;(949) 409-6291;Mold Remediation
PuroClean Property of Costa Mesa;;;https://www.puroclean.com/costa-mesa-ca-puroclean-disaster-recovery-specialists;;US;Costa Mesa;California;(866) 721-7876;Mold Remediation
COSTA MESA;;;http://costamesawaterdamagerestoration.com/;;US;Costa Mesa;California;(714) 790-9888;Mold Remediation
SERVPRO of Costa Mesa;;;https://www.servpro.com/locations/ca/servpro-of-costa-mesa?utm_source=google&utm_medium=cpcfranchise;;US;Costa Mesa;California;(949) 566-8887;Mold Remediation
Crank Waterproofing;;;https://crankdeckandroof.com/;;US;Costa Mesa;California;(949) 646-9356;Mold Remediation
Asbestos Removal;;;http://www.enkayengineering.com/asbestos-mold-leadpaint-removal-costa-mesa-ca.php;;US;Costa Mesa;California;(949) 258-7898;Mold Remediation
Tweedy Plumbing & Restoration;;;https://tweedyplumbing.com/;;US;Costa Mesa;California;(949) 645-2352;Mold Remediation
Pro Inc;;;https://localprowaterdamage.com/;;US;Costa Mesa;California;(888) 764-9874;Mold Remediation
L3 Energy Construction / Water Intrusion Specialists;;;http://l3energyconstruction.com/;;US;Costa Mesa;California;(949) 519-1808;Mold Remediation
City Wide Facility Solutions - Orange County South;;;https://gocitywide.com/orangecountysouth;;US;Costa Mesa;California;(714) 617-4063;Mold Remediation
CryoBlast Clean;;;https://cryoblastclean.com/;;US;Costa Mesa;California;(858) 218-5111;Mold Remediation
Enviro Diagnostics;;;http://envirodiagnostics.com/;;US;Costa Mesa;California;(800) 963-8184;Mold Remediation
Building Maintenance of Tomorrow;;;https://bmotw.com/;;US;Costa Mesa;California;(714) 492-7503;Mold Remediation
OVC Plumbing & Drain;;;https://callovc.com/;;US;Costa Mesa;California;(949) 775-4682;Mold Remediation
JustinTime Plumbing Heating and Air;;;https://justintimeoc.com/?utm_source=gbp&utm_medium=organic;;US;Costa Mesa;California;(714) 336-5076;Mold Remediation
G Power Washing OC;;;http://www.gpowerwashingoc.com/;;US;Costa Mesa;California;(714) 322-2383;Mold Remediation
Forefront Building + Restoration;;;https://www.forefrontteam.com/;;US;Englewood;Colorado;(720) 282-1124;Mold Remediation
Water Damage Restoration Centennial;;;https://www.wdrserv.com/locations/co/water-damage-restoration-centennial;;US;Centennial;Colorado;(720) 386-8614;Mold Remediation
TX Water Damage Restoration of Centennial;;;https://waterdamagerestoration-tx.com/centennial-co;;US;Centennial;Colorado;(970) 550-7014;Mold Remediation
FIX Flood & Water Damage Pros;;;http://fixfloods.com/;;US;Centennial;Colorado;(720) 460-8581;Mold Remediation
DRYmedic Restoration Services of Parker Colorado;;;https://www.drymedic.com/locations/parker/service/water-flood-damage-cleanup/?utm_source=Google&utm_medium=Organic&utm_campaign=LocalSEO;;US;Centennial;Colorado;(720) 915-8760;Mold Remediation
HRS Restoration Services;;;https://www.hrsrs.com/?utm_source=local&utm_medium=organic&utm_campaign=GMB;;US;Centennial;Colorado;(303) 502-5238;Mold Remediation
PuroClean Certified Restoration Specialists;;;https://www.puroclean.com/centennial-co-puroclean-certified-restoration-specialists/?utm_campaign=website&utm_medium=gbp-website-button&utm_source=google;;US;Centennial;Colorado;(720) 215-4622;Mold Remediation
Valor Technical Cleaning;;;https://valortechnicalcleaning.com/;;US;Centennial;Colorado;(303) 647-4136;Mold Remediation
BluSky Restoration Contractors;;;https://goblusky.com/locations/denver-co/;;US;Centennial;Colorado;(303) 789-4258;Mold Remediation
Anatom Restoration;;;https://denverrestorationservices.com/locations/centennial/?utm_source=GMBlisting&utm_medium=organic;;US;Centennial;Colorado;(720) 282-0931;Mold Remediation
Best Option Restoration of Highlands Ranch & Cherry Hills Village;;;https://bestoptionrestoration.com/locations/highlands-ranch/;;USA;;;(720) 500-5350;Mold Remediation
Restoration Logistics Centennial;;;https://restoration-logistics.com/locations/centennial/?utm_source=gmb&utm_medium=organic;;US;Centennial;Colorado;(303) 657-1400;Mold Remediation
WDR Restoration & Construction;;;http://www.wdrrc.com/;;US;Centennial;Colorado;(303) 933-0200;Mold Remediation
SERVPRO of Greenwood Village West, Cherry Hills Village;;;https://www.servpro.com/locations/co/servpro-of-greenwood-village-west-cherry-hills-village?utm_medium=organic&utm_source=gbp;;USA;;;(303) 879-5470;Mold Remediation
Mile High Centennial Insulation;;;https://www.insulationcentennial.com/;;US;Centennial;Colorado;(720) 637-4759;Mold Remediation
Furniture Medic by TTL;;;https://furnituremedic.com/locations/co/denver/denver;;US;Centennial;Colorado;(303) 805-5554;Mold Remediation
FTK Construction Services;;;https://www.ftkconstructionservices.com/;;US;Centennial;Colorado;(214) 446-1500;Mold Remediation
CleanMaster Services;;;http://www.fgsfrontrange.com/;;US;Centennial;Colorado;(303) 646-2162;Mold Remediation
First General Services;;;https://fgsfrontrange.com/;;US;Centennial;Colorado;(303) 752-1317;Mold Remediation
Superior Air Duct Cleaning;;;https://sites.google.com/shsdenver.com/air-duct-test-website/home?authuser=0;;US;Englewood;Colorado;(303) 357-3022;Mold Remediation
Kapella Group;;;http://kapellagroup.com/;;US;Centennial;Colorado;(303) 757-2480;Mold Remediation
LuxStone of Colorado/ Home Pride Bath;;;http://homepridebath.com/?utm_source=google&utm_medium=organic&utm_campaign=gmb-listing&utm_content=main-branch;;US;Centennial;Colorado;(303) 558-5225;Mold Remediation
Weed Man Lawn Care;;;https://weedman.com/en-us/denver;;US;Centennial;Colorado;(720) 598-9398;Mold Remediation
Perspective Property Inspections;;;http://www.perspectivepropertyinspections.com/;;US;Littleton;Colorado;(720) 221-3669;Mold Remediation
First Response Restoration of RGV;;;https://1strestore.com/locations/first-response-restoration-of-rgv/;;US;Edinburg;Texas;(956) 305-4229;Mold Remediation
RecovaPro;;;https://recovaprotx.com/;;US;Edinburg;Texas;(956) 221-1610;Mold Remediation
Extreme Steam Dry and Clean;;;https://extremesteamdryandclean.com/;;USA;;;(956) 502-6579;Mold Remediation
DNR Janitorial Services of South Texas, LLC;;;http://www.dnrjanitorialservices.com/;;US;Edinburg;Texas;(956) 603-2393;Mold Remediation
Restoration 1 Inland NW - Spokane;;;https://restoration1.com/inland-nw;;US;Spokane Valley;Washington;(509) 463-2295;Mold Remediation
Spokane Fire & Water Restoration;;;https://www.spofaw.com/;;US;Spokane Valley;Washington;(509) 368-1228;Mold Remediation
MoldMasters of Spokane;;;https://moldinspectionandremovalspokane.com/;;US;Spokane;Washington;(509) 724-1451;Mold Remediation
Restoration Done;;;https://www.restorationdonellc.com/?utm_source=google&utm_medium=organic&utm_campaign=maps;;US;Spokane Valley;Washington;(509) 272-9030;Mold Remediation
Rainbow International of Spokane;;;https://rainbowrestores.com/spokane?cid=LSTL_RBW000202&utm_source=gmb&utm_campaign=local&utm_medium=organic;;US;Spokane Valley;Washington;(509) 924-6099;Mold Remediation
Restoration Done;;;https://www.restorationdonellc.com/;;US;Spokane Valley;Washington;(509) 272-9030;Mold Remediation
BELFOR Property Restoration (Spokane);;;https://www.belfor.com/us/en/locations/;;US;Spokane Valley;Washington;(509) 893-0001;Mold Remediation
Enviro Consulting Services;;;https://enviroconsultingservices.com/;;US;Spokane Valley;Washington;(509) 202-6919;Mold Remediation
Azure Water Damage Restoration Spokane Valley WA;;;https://azurewaterdamagerestorationspokanevalleywa.com/;;US;Spokane Valley;Washington;(208) 273-7289;Mold Remediation
Pacific Insulation & Mold Remediation;;;https://www.insulationspokane.com/;;US;Spokane Valley;Washington;(509) 879-0495;Mold Remediation
Paul Davis Spokane;;;https://spokane-valley.pauldavis.com/;;US;Spokane Valley;Washington;(509) 209-8972;Mold Remediation
ServiceMaster Recovery by Antim's Quality Services;;;https://www.servicemasterrestore.com/servicemaster-recovery-by-antims-quality-services/;;US;Spokane Valley;Washington;(509) 922-2500;Mold Remediation
Remedy Reconstruction LLC;;;https://www.remedyreconstruction.com/;;US;Spokane;Washington;(509) 404-0249;Mold Remediation
Envirocheck Corporation;;;http://www.envirochecknw.com/;;US;Spokane Valley;Washington;(208) 665-9845;Mold Remediation
Safeway Restoration;;;https://www.safewayrestoration.net/;;US;Spokane Valley;Washington;(509) 979-5474;Mold Remediation
IRS Environmental of WA, Inc.;;;http://irsenviro.com/;;US;Spokane Valley;Washington;(509) 927-7867;Mold Remediation
Re-Bath;;;https://www.rebath.com/location/spokane/?utm_source=google&utm_medium=organic&utm_campaign=gmb;;US;Spokane Valley;Washington;(509) 590-0401;Mold Remediation
Reality Homes - Spokane - Model Home;;;https://www.realityhomesinc.com/locations/?utm_source=gbp&utm_medium=organic&utm_campaign=SpokaneModelHome;;US;Spokane Valley;Washington;(509) 924-7969;Mold Remediation
Performance Contracting;;;https://www.performancecontracting.com/branch/spokane-interior/?utm_source=google&utm_medium=local-gmb&utm_campaign=pci-spokane-interior;;US;Spokane Valley;Washington;(509) 535-4814;Mold Remediation
Environment Control;;;https://www.environmentcontrol.com/;;US;Spokane Valley;Washington;(509) 464-3308;Mold Remediation
Roto-Rooter Plumbing & Water Cleanup;;;https://www.rotorooter.com/spokane/?utm_source=Google&utm_medium=organic&utm_campaign=gmb&utm_content=website;;US;Spokane Valley;Washington;(509) 505-5062;Mold Remediation
24 Hour Flood Pros;;;https://24hourfloodpros.com/spokane;;USA;;;(509) 571-2164;Mold Remediation
Black Swan Restoration;;;https://blackswanrestoration.com/;;US;Spokane Valley;Washington;(509) 219-3919;Mold Remediation
Wall and Company;;;https://wallandcompany.com/;;US;Spokane Valley;Washington;(509) 270-5501;Mold Remediation
Advanced Drying Solutions;;;http://www.adsremediation.com/;;USA;;;(208) 625-0708;Mold Remediation
American Plus Inc;;;http://americanplusinc.com/;;US;Jurupa Valley;California;(424) 333-1522;Mold Remediation
PLUS 1;;;http://plu1restorationcarpetcare.com/;;US;Riverside;California;(951) 675-5284;Mold Remediation
ATI Restoration;;;https://atirestoration.com/regional-offices/riverside-ca/?utm_source=citation&utm_medium=organic&utm_campaign=riverside;;US;Riverside;California;(951) 540-3557;Mold Remediation
Professional Renovation Services;;;https://www.prorenovationservices.com/;;US;Riverside;California;(877) 748-0111;Mold Remediation
Central Oregon Disaster Restoration;;;https://centraloregondisasterrestoration.com/?utm_campaign=gmb;;US;Bend;Oregon;(541) 803-2513;Mold Remediation
Mountain Air Restoration;;;http://www.breathedeeper.com/;;US;Bend;Oregon;(541) 725-0001;Mold Remediation
ServiceMaster Restoration Services - Water - Fire - Mold Damage;;;https://www.servicemasterrestore.com/locations/oregon/servicemaster-cleaning-and-restoration-services-by-lomroe/;;US;Bend;Oregon;(541) 388-5000;Mold Remediation
Oregon Restoration Co.;;;https://www.oregonrestoration.com/;;US;Bend;Oregon;(541) 241-4545;Mold Remediation
SERVPRO of Bend;;;https://www.servpro.com/locations/or/servpro-of-bend?utm_medium=organic&utm_source=gbp;;US;Bend;Oregon;(541) 385-7044;Mold Remediation
Payneless Property Testing;;;https://www.paynelessindustries.com/;;US;Bend;Oregon;(541) 480-2404;Mold Remediation
Peak Northwest Restoration;;;https://www.peaknwrestore.com/;;US;Bend;Oregon;(541) 497-1099;Mold Remediation
Lemon Shark;;;https://www.lemon-shark.com/;;US;Bend;Oregon;(541) 647-0041;Mold Remediation
Claims Delegates;;;http://www.claimsdelegates.com/;;US;Bend;Oregon;(971) 806-6193;Mold Remediation
Montgomery Remodeling and Restoration;;;http://www.montgomeryremodelingandrestoration.com/;;US;Bend;Oregon;(541) 371-2625;Mold Remediation
Energy Conservation Insulation LLC;;;http://www.eciinsulation.com/;;US;Bend;Oregon;(541) 678-5566;Mold Remediation
Sierra James Construction;;;https://www.sierrajamesconstruction.com/;;US;Bend;Oregon;(541) 306-3775;Mold Remediation
Roto-Rooter Plumbing & Water Cleanup;;;https://www.rotorooter.com/bendor/?utm_source=Google&utm_medium=organic&utm_campaign=gmb&utm_content=website;;US;Bend;Oregon;(541) 647-1045;Mold Remediation
SFW Construction;;;https://sfwconstruction.com/locations/bend/?utm_source=googlemaps;;US;Bend;Oregon;(541) 230-9099;Mold Remediation
Carlson Testing, Inc;;;http://www.carlsontesting.com/;;US;Bend;Oregon;(541) 330-9155;Mold Remediation
NW Abatement Rental;;;https://nwabatementrental.com/;;US;Bend;Oregon;(541) 797-6853;Mold Remediation
WIN Home Inspection;;;https://wini.com/centraloregon/?utm_source=GMB_listing&utm_medium=organic;;US;Bend;Oregon;(541) 318-8199;Mold Remediation
Northwest Quality Roofing LLC;;;http://nwqualityroofing.com/;;US;Bend;Oregon;(541) 647-1060;Mold Remediation
Earth First Carpet Cleaning;;;http://www.bendcarpetcleaners.com/;;US;Bend;Oregon;(541) 388-1626;Mold Remediation
Excel Carpet & Upholstery;;;http://www.bendcarpetcleaners.com/;;US;Bend;Oregon;(541) 388-1626;Mold Remediation
Rusted Hitch RV Roofing & Restoration LLC;;;http://www.rustedhitchrvrepair.com/;;US;Bend;Oregon;(541) 526-5986;Mold Remediation
SV;;;http://svrestorationservices.com/;;US;West Covina;California;(909) 546-8506;Mold Remediation
SERVPRO of West Covina;;;https://www.servpro.com/locations/ca/servpro-of-west-covina?utm_medium=organic&utm_source=gbp;;US;West Covina;California;(626) 960-9145;Mold Remediation
Rapid Solutions;;;https://www.myrapidsolutions.com/;;US;West Covina;California;(626) 217-2420;Mold Remediation
Go Green;;;http://www.gogreenrestorationinc.com/;;US;West Covina;California;(626) 654-3078;Mold Remediation
Sylvindor Apex;;;https://waterdamagerestorationserviceswestcovina.shop/;;US;West Covina;California;(626) 521-7440;Mold Remediation
Allied Restoration;;;https://alliedrestore.com/;;US;West Covina;California;(888) 860-1003;Mold Remediation
Bioclean Socal;;;http://www.biocleansocal.com/;;USA;;;(626) 250-6205;Mold Remediation
West Covina LA Roofing;;;http://westcovina-roofrepair.com/;;US;West Covina;California;(626) 498-8381;Mold Remediation
Restoration Logistics Boulder;;;https://restoration-logistics.com/locations/boulder/?utm_source=gmb&utm_medium=organic;;US;Boulder;Colorado;(303) 657-1400;Mold Remediation
24-7 Restoration, Inc.;;;https://247restoration.com/?utm_source=LOCAL-BOULDER&utm_medium=ORGANIC&utm_campaign=GMB;;US;Boulder;Colorado;(303) 485-1730;Mold Remediation
ECOS Environmental & Disaster Restoration, Inc.;;;https://www.ecosenvironmental.com/;;US;Boulder;Colorado;(720) 782-0477;Mold Remediation
SERVPRO of Greater Boulder;;;https://www.servpro.com/locations/co/servpro-of-greater-boulder?utm_medium=organic&utm_source=gbp;;US;Boulder;Colorado;(303) 962-7899;Mold Remediation
SERVPRO of Lafayette/Louisville;;;http://www.servprolafayettelouisville.com/water-damage-restoration;;US;Boulder;Colorado;(303) 604-6607;Mold Remediation
Tatras Builders;;;http://tatrasbuilders.com/;;US;Boulder;Colorado;(303) 527-2947;Mold Remediation
Sevra Restoration and Mold;;;http://sevrarestorationandmold.homes/;;US;Boulder;Colorado;(720) 223-1594;Mold Remediation
Integrity Environmental Testing - Boulder;;;https://integrityaq.com/;;US;Boulder;Colorado;(303) 834-3594;Mold Remediation
Affordable Water Damage Cleanup;;;https://boulderdisastercleanup.com/;;USA;;;(303) 351-1925;Mold Remediation
Roto-Rooter Plumbing & Water Cleanup;;;https://www.rotorooter.com/boulder/?utm_source=Google&utm_medium=organic&utm_campaign=gmb&utm_content=website;;US;Boulder;Colorado;(303) 242-3849;Mold Remediation
InterNACHI;;;http://www.nachi.org/;;US;Boulder;Colorado;(303) 223-0861;Mold Remediation
Boulder Natural Health, LLC;;;http://www.bouldernaturalhealth.com/;;US;Boulder;Colorado;(303) 960-3920;Mold Remediation
Witte Home Improvement;;;https://wittehomeimprovement.com/?utm_source=google&utm_medium=gmb&utm_campaign=visit;;US;Boulder;Colorado;(720) 546-6194;Mold Remediation
Big M Services;;;https://www.bigmservices.com/;;USA;;;(303) 449-2240;Mold Remediation
Tectonic Design Build;;;https://www.tectonicbuilds.com/;;US;Boulder;Colorado;(720) 466-5495;Mold Remediation
The Magic Fairy House & Office Cleaning Services;;;https://www.themagicfairycleaning.com/;;US;Boulder;Colorado;(720) 314-4989;Mold Remediation
Affordable Radon Services LLC;;;https://affordableradonservices.com/?utm_source=google&utm_medium=organic&utm_campaign=gbp_boulder;;US;Boulder;Colorado;(970) 237-4142;Mold Remediation
Jacobsen Brothers Painting Operations Center;;;http://jacobsenbros.com/;;US;Boulder;Colorado;(303) 449-3239;Mold Remediation
Ocean Air Quality;;;http://www.oceanairquality.com/;;US;Palm Coast;Florida;(386) 302-2714;Mold Remediation
Aftermath Remediation of Florida;;;http://www.aftermathofflorida.com/;;US;Palm Coast;Florida;(386) 225-8948;Mold Remediation
Coastal Property Maintenance - PC;;;http://www.coastalpmpc.com/;;US;Palm Coast;Florida;(856) 359-0339;Mold Remediation
ZND-SM Attic-Solution & Insulation's & Roofing Services Palm Coast, FL;;;https://www.steelehvacllc.com/contact;;US;Palm Coast;Florida;;Mold Remediation
Restoration 1 of St. Augustine;;;https://restoration1.com/st-augustine?utm_source=GBP&utm_medium=Google;;USA;;;(904) 584-3856;Mold Remediation
All American Public Adjusters;;;http://getclaimhelp.com/;;US;Palm Coast;Florida;(800) 501-1230;Mold Remediation
Blue Door Home Inspection;;;https://bluedoorsinspection.com/;;US;Palm Coast;Florida;(386) 283-6544;Mold Remediation
T. Anderson Painting;;;http://paintingpalmcoast.com/;;US;Palm Coast;Florida;(954) 651-5610;Mold Remediation
J&G Commercial Cleaning;;;https://jgcommercialcleaningservice.com/;;US;Palm Coast;Florida;(386) 986-7445;Mold Remediation
Atlantic Surf Construction and Home Inspection Inc;;;https://www.atsurfcon.com/;;USA;;;(386) 259-0808;Mold Remediation
Howard Restoration Inc;;;https://howardrestorationfl.com/;;USA;;;(513) 550-0616;Mold Remediation
Installation Services;;;https://www.lowes.com/l/lowes-home-services.html?cm_mmc=lod-_-c-_-lcl-_-ext-_-yxt-_-go-_-2241-_-na-_-0-_-0;;US;Palm Coast;Florida;;Mold Remediation
PACT Construction Services;;;https://www.pactkc.com/?utm_source=gbp;;US;Lee's Summit;Missouri;(816) 287-3030;Mold Remediation
Air Guys;;;https://airguys.us/;;US;Lee's Summit;Missouri;(816) 237-0067;Mold Remediation
Midwest Comfort Homes LLC;;;http://midwestcomforthomes.com/;;US;Lee's Summit;Missouri;(816) 988-8297;Mold Remediation
PuroClean Property Restoration Services;;;https://www.puroclean.com/lees-summit-mo-puroclean-property-restoration-services;;US;Lee's Summit;Missouri;(816) 272-4664;Mold Remediation
Mold Removal Lees Summit Solutions;;;http://moldremovalleessummitmo.com/;;US;Lee's Summit;Missouri;(816) 300-9331;Mold Remediation
Fine Restoration - Lee's Summit;;;https://fine-restoration.com/service-area/lees-summit/;;US;Lee's Summit;Missouri;(816) 282-0587;Mold Remediation
ServiceMaster DSI - Kansas City;;;http://www.servicemasterrestore.com/servicemaster-restoration-by-dsi-kansas-city;;US;Lee's Summit;Missouri;(913) 704-6185;Mold Remediation
Aspen Contracting, Inc.;;;https://www.roofsbyaspen.com/;;US;Lee's Summit;Missouri;(816) 246-4545;Mold Remediation
Cowboy Certified Plumbing & Water Cleanup;;;https://cowboycertifiedkc.com/;;US;Lee's Summit;Missouri;(816) 589-6300;Mold Remediation
Roto-Rooter Plumbing & Water Cleanup;;;https://www.rotorooter.com/leessummitmo/;;US;Lee's Summit;Missouri;(816) 600-3006;Mold Remediation
Paul Davis Restoration of Kansas City;;;https://kansas-city.pauldavis.com/;;US;Lee's Summit;Missouri;(913) 345-2700;Mold Remediation
Foundation Recovery Systems;;;https://www.foundationrecoverysystems.com/meet-the-team/kansas-city-branch/?utm_source=google&utm_medium=organic&utm_campaign=gmb_frs-lee;;US;Lee's Summit;Missouri;(816) 774-1539;Mold Remediation
InspectorNick.com;;;http://inspectornick.com/;;US;Lee's Summit;Missouri;(816) 347-8955;Mold Remediation
Lees Summit Duct Cleaning;;;https://leessummitductcleaning.com/;;US;Lee's Summit;Missouri;(816) 837-4763;Mold Remediation
B&L Plumbing Service, Inc;;;https://www.blplumbingserviceinc.com/?y_source=1_MTA5Njg5ODY4OS03MTUtbG9jYXRpb24ud2Vic2l0ZQ%3D%3D;;US;Lee's Summit;Missouri;(816) 281-1038;Mold Remediation
Redtail Plumbing Company;;;http://redtailplumbing.com/;;US;Lee's Summit;Missouri;(913) 733-8245;Mold Remediation
Lion Roofing;;;https://lionservicesllc.com/lees-summit-mi/;;US;Lee's Summit;Missouri;(816) 282-6926;Mold Remediation
Best Option Restoration of Dearborn;;;https://bestoptionrestoration.com/locations/dearborn/;;US;Dearborn;Michigan;(313) 221-5474;Mold Remediation
PuroClean of Dearborn;;;https://www.puroclean.com/dearborn-mi;;US;Dearborn;Michigan;(313) 774-2230;Mold Remediation
IView Inspections;;;https://iviewinspect.com/;;US;Dearborn;Michigan;(313) 995-5376;Mold Remediation
Level Up Improvement;;;https://levelupimprovement.com/;;US;Dearborn;Michigan;(313) 287-9525;Mold Remediation
24H Mold Inspection of Dearborn;;;https://24hmoldinspection.com/locations/mi/24h-mold-inspection-of-dearborn;;USA;;;(313) 776-3539;Mold Remediation
Metropolitan Windows & Improvements, Inc.;;;http://www.insulatemetrodetroit.com/;;US;Dearborn;Michigan;(313) 580-2020;Mold Remediation
Metro Water Damage Restoration Dearborn;;;https://www.metrowaterdamagerestoration.com/dearborn-michigan/;;USA;;;(313) 546-0892;Mold Remediation
Factory Finish Shoe Repair Inc;;;http://factoryfinishshoerepair.com/;;US;Dearborn;Michigan;(313) 582-5354;Mold Remediation
PuroClean of Green Bay;;;https://www.puroclean.com/green-bay-wi-puroclean-green-bay;;US;Green Bay;Wisconsin;(920) 965-8339;Mold Remediation
NorthStar Restoration Services Green Bay;;;https://northstarrestorationservices.com/;;US;Green Bay;Wisconsin;(920) 713-6286;Mold Remediation
Green Bay Spray Foam Insulation Pros;;;https://greenbaysprayfoaminsulation.com/;;US;Green Bay;Wisconsin;(920) 567-6691;Mold Remediation
Bio-One of Green Bay;;;https://www.bioonegreenbay.com/;;US;Green Bay;Wisconsin;(920) 228-2461;Mold Remediation
Pierce Roofing LLC;;;https://greenbayroofers.com/;;USA;;;(920) 609-8304;Mold Remediation
Lightspeed Restoration of Lorton, Manassas, and Fredericksburg;;;https://lightspeedrestoration.com/manassas-va/;;US;Woodbridge;Virginia;(571) 292-3301;Mold Remediation
PSI Cleaning & Restoration;;;https://psicleaning.com/;;US;Woodbridge;Virginia;(703) 497-4007;Mold Remediation
Virginia Home Inspection Service LLC;;;http://www.vahis.com/;;US;Woodbridge;Virginia;(571) 283-8447;Mold Remediation
MidAtlantic Contracting Inc.;;;https://macontracting.com/;;US;Woodbridge;Virginia;(703) 492-4663;Mold Remediation
Frazier Painting & General Contracting;;;https://www.frazierpaintingandgeneralcontracting.com/;;US;Woodbridge;Virginia;(703) 357-3377;Mold Remediation
No Limitt Tree Service;;;http://www.nolimittreeservicellc.com/;;US;Woodbridge;Virginia;(703) 999-8988;Mold Remediation
911 Restoration of Southern Utah;;;https://www.911restorationsouthernutah.com/;;US;St. George;Utah;(435) 210-7978;Mold Remediation
SERVPRO of St George;;;https://www.servpro.com/locations/ut/servpro-of-st-george?utm_medium=organic&utm_source=gbp;;US;St. George;Utah;(435) 656-9061;Mold Remediation
Pure Maintenance of Southern Utah;;;http://www.clearairclean.com/;;US;St. George;Utah;(435) 272-7090;Mold Remediation
Saint George Disaster Restoration;;;http://stgdisaster.com/;;US;St. George;Utah;(435) 669-3618;Mold Remediation
Paul Davis Restoration of Utah - St. George Office;;;http://www.pdutah.com/;;US;St. George;Utah;(435) 375-3843;Mold Remediation
Disaster Repair Team St George;;;https://stgeorgedisastercleanup.com/;;US;St. George;Utah;(435) 619-9594;Mold Remediation
ServiceMaster Restoration by AAA;;;https://www.servicemasterrestore.com/servicemaster-restoration-by-aaa-st-george/;;US;St. George;Utah;(435) 500-0982;Mold Remediation
AAA Disaster Services;;;https://aaadisasterutah.com/;;US;St. George;Utah;(435) 688-0966;Mold Remediation
Revival Restoration & Construction;;;http://www.revivalutah.com/;;US;St. George;Utah;(435) 669-5032;Mold Remediation
St George Mold Removal Solutions;;;https://moldremovalstgeorge.com/;;US;St. George;Utah;(435) 271-6492;Mold Remediation
Bio One Of St. George;;;http://bioonestgeorge.com/;;US;St. George;Utah;(435) 703-4142;Mold Remediation
Atlas Carpet Cleaning;;;https://atlascarpetcleaninginc.com/;;US;St. George;Utah;(435) 862-9553;Mold Remediation
Roto-Rooter Plumbing & Water Cleanup;;;https://rotorooterutah.com/st-george-plumber-ut/?utm_campaign=gmb;;US;St. George;Utah;(435) 673-2511;Mold Remediation
Stylistic Construction inc;;;http://www.stylisticconstruction.com/;;US;St. George;Utah;(435) 922-5485;Mold Remediation
BASEco Foundation Repair;;;http://baseco.net/;;US;St. George;Utah;(435) 275-4090;Mold Remediation
Carpet CPR;;;https://mycarpetcpr.com/;;US;St. George;Utah;(435) 673-8277;Mold Remediation
Mammoth Builders LLC;;;http://www.mammothbuildco.com/;;US;St. George;Utah;(435) 429-2688;Mold Remediation
Red Sand Radiance;;;https://www.redsandradiance.com/;;US;St. George;Utah;(435) 260-3100;Mold Remediation
Baystate Mold Advisors LLC;;;https://baystatemoldadvisors.com/service-area-mold-inspection-experts-brockton;;US;Brockton;Massachusetts;(508) 930-7326;Mold Remediation
Diamond Water Damage Restoration;;;https://diamondwaterdamage.com/;;US;Brockton;Massachusetts;(774) 227-8636;Mold Remediation
Mass Pro Solutions;;;http://www.massprosolutionsllc.com/;;US;Brockton;Massachusetts;(617) 818-5637;Mold Remediation
LBP Solutions, LLC.;;;http://lbpsolutions.com/;;US;Brockton;Massachusetts;(508) 543-1109;Mold Remediation
NewRoads Environmental Services LLC;;;http://www.newroadsenvironmental.com/;;US;Brockton;Massachusetts;(508) 897-8007;Mold Remediation
Boston Environmental Corporation;;;http://bostonenvironmentalcorp.com/;;US;Brockton;Massachusetts;(508) 897-8033;Mold Remediation
Neeeco;;;https://neeeco.com/?utm_source=gmb_profile&utm_medium=organic&utm_campaign=brockton;;US;Brockton;Massachusetts;(508) 625-5030;Mold Remediation
Total Restore;;;https://totalrestorewa.com/renton-wa/;;US;Renton;Washington;(206) 422-7271;Mold Remediation
FireWater Restoration Services | DKI;;;https://firewaterwa.com/;;US;Renton;Washington;(206) 682-1483;Mold Remediation
Madrona Home Services;;;http://www.madronahomeservices.com/;;US;Renton;Washington;(206) 284-7181;Mold Remediation
Super Attic Solutions;;;https://superatticsolutions.com/;;US;Renton;Washington;(800) 674-4933;Mold Remediation
BluSky Restoration Contractors;;;https://goblusky.com/locations/seattle-wa/;;US;Renton;Washington;(425) 656-0500;Mold Remediation
Golden Coast Construction & Restoration Northwest;;;http://www.goldencoastco.com/;;US;Renton;Washington;(800) 609-0232;Mold Remediation
Attic Crew;;;https://atticrewwa.com/?utm_source=google_profile&utm_campaign=localo&utm_medium=mainlink;;US;Renton;Washington;(800) 535-3373;Mold Remediation
PuroClean of Renton;;;http://www.puroclean.com/renton-wa;;USA;;;(425) 336-7876;Mold Remediation
Element Garage Door Services;;;https://elementgaragewa.com/renton;;USA;;;(425) 728-8569;Mold Remediation
Ozone Wave;;;https://ozonwave.com/;;US;Renton;Washington;(760) 519-4553;Mold Remediation
Hammers That Care;;;https://hammersthatcare.com/;;US;Renton;Washington;(206) 898-9928;Mold Remediation
Roto-Rooter Plumbing & Water Cleanup;;;https://www.rotorooter.com/rentonwa/?utm_source=Google&utm_medium=organic&utm_campaign=gmb&utm_content=website;;US;Renton;Washington;(425) 507-9522;Mold Remediation
Pacific Northwest Environmental LLC;;;http://www.pnwenvironmental.com/;;US;Renton;Washington;(206) 596-8561;Mold Remediation
Moment Air Duct Cleaning Renton;;;http://moment-renton.com/;;USA;;;(206) 895-6644;Mold Remediation
Atlanta Mold Testing Services;;;http://www.atlantamoldtesting.com/;;US;Atlanta;Georgia;(770) 765-3662;Mold Remediation
Mitigate First;;;https://mitigatefirst.com/;;US;Atlanta;Georgia;(678) 640-3089;Mold Remediation
Barex of Atlanta;;;https://www.barexgroup.com/locations/atlanta-ga;;US;Sandy Springs;Georgia;(678) 932-9668;Mold Remediation
Shear Perfection;;;http://moldinspectionatlantaga.com/;;US;Atlanta;Georgia;(888) 301-3913;Mold Remediation
Oakmont Estimating;;;http://oakmontestimating.com/;;US;Atlanta;Georgia;(678) 997-7048;Mold Remediation
Koala Insulation of Atlanta Perimeter North;;;https://koalainsulation.com/atlanta-perimeter-north?utm_source=extnet&utm_medium=yext%20https://koalainsulation.com/atlanta-perimeter-north;;US;Sandy Springs;Georgia;(678) 722-3068;Mold Remediation
Georgia Home Pros.com;;;http://georgiahomepros.com/;;US;Atlanta;Georgia;(678) 446-1700;Mold Remediation
K&G Restoration LLC;;;https://kgrestoration.com/;;USA;;;(470) 844-0257;Mold Remediation
MAG Water Damage Atlanta;;;https://waterandfiredamagerepair360.com/georgia-atlanta/;;US;Atlanta;Georgia;(678) 496-7771;Mold Remediation
Americans First;;;https://www.americansfirstrestoration.com/;;US;Sandy Springs;Georgia;(800) 619-5933;Mold Remediation
Pure Maintenance;;;https://www.puremaintenanceofgeorgia.com/;;US;Peachtree Corners;Georgia;(888) 405-3112;Mold Remediation
SouthEast Demolition;;;http://www.southeastdemo.biz/aboutus.html;;US;Atlanta;Georgia;(404) 422-7947;Mold Remediation
ATL;;;https://atlwaterrestorations.com/;;US;Atlanta;Georgia;(770) 400-9005;Mold Remediation
SERVPRO of North Fulton;;;https://www.servpro.com/locations/ga/servpro-of-north-fulton?utm_medium=organic&utm_source=gbp;;US;Atlanta;Georgia;(770) 992-2777;Mold Remediation
Integrity Air Care;;;https://integrityaircare.com/;;US;Sandy Springs;Georgia;(470) 302-1083;Mold Remediation
Upbeat Restoration of Sandy Springs;;;https://upbeatrestoration.com/water-damage/atlanta-ga/;;USA;;;(404) 495-3899;Mold Remediation
Pillar Restoration;;;https://www.pillar-restoration.com/;;USA;;;(404) 947-7111;Mold Remediation
Power Washing Squad;;;https://www.pwsquad.com/;;US;Atlanta;Georgia;(404) 793-9293;Mold Remediation
Roto-Rooter Plumbing & Water Cleanup;;;https://www.rotorooter.com/sandyspringsga/?utm_source=Google&utm_medium=organic&utm_campaign=gmb&utm_content=website;;US;Sandy Springs;Georgia;(770) 280-0053;Mold Remediation
Elite Roofing of Georgia;;;http://www.myeliteroofer.com/;;US;Sandy Springs;Georgia;(770) 445-1290;Mold Remediation
Atlanta Home Restoration;;;https://atlhomerestoration.com/;;US;Atlanta;Georgia;;Mold Remediation
Atlanta Wildlife Solutions, LLC;;;http://www.atlantawildlifesolutions.com/;;US;Dunwoody;Georgia;(770) 363-5350;Mold Remediation
Revere Construction and Roofing (RCR Inc.);;;https://rcrincga.com/;;US;Sandy Springs;Georgia;(404) 855-7663;Mold Remediation
Team 101 restoration;;;http://team101restoration.cc/;;US;Rialto;California;(909) 639-6346;Mold Remediation
PureReef Pros;;;https://waterdamagerestorationrialto.site/;;US;Rialto;California;(909) 259-3111;Mold Remediation
Capital Water Damage Restoration;;;https://capitalwaterdamage.com/;;US;Rialto;California;(909) 760-0032;Mold Remediation
Servpro San Gabriel;;;https://servprosangabriel.com/;;US;El Monte;California;(626) 478-0286;Mold Remediation
Thalvex Forge;;;https://waterdamagerestorationserviceselmonte.shop/;;US;El Monte;California;(626) 521-7435;Mold Remediation
24H Mold Inspection of El Monte;;;http://24hmoldinspection.com/locations/ca/24h-mold-inspection-of-el-monte;;USA;;;(626) 747-7122;Mold Remediation
Healthy Interior Solutions;;;https://www.healthyinteriorsolutions.com/?utm_source=gmb&utm_medium=local&utm_campaign=local_seo;;US;Fishers;Indiana;(317) 955-9826;Mold Remediation
Amerestore - America's Restoration Team;;;https://www.amerestore.com/about-us/;;US;Fishers;Indiana;(800) 672-1992;Mold Remediation
Midwest Property Logistics;;;http://mplogistics.net/;;US;Fishers;Indiana;(317) 427-8143;Mold Remediation
Dream Team Exterior Solutions - Pressure Washing & Property Maintenance;;;http://dreamteamexterior.com/;;US;Fishers;Indiana;(317) 348-8292;Mold Remediation
BluSky Restoration Contractors;;;https://goblusky.com/locations/south-bend-in/;;US;South Bend;Indiana;(574) 288-0500;Mold Remediation
Mold Warrior, LLC;;;https://www.mold-warrior.com/;;US;South Bend;Indiana;(269) 588-4136;Mold Remediation
Monroe Restoration and Cleaning, Inc.;;;https://restorationmasterfinder.com/south-bend-in/;;US;South Bend;Indiana;(574) 891-8076;Mold Remediation
BlueRed Restoration LLC;;;https://blueredco.com/?utm_campaign=gmb;;US;South Bend;Indiana;(574) 387-2910;Mold Remediation
1-800-BoardUp of Michiana;;;https://1-800boardup.com/store/1-800-boardup-of-michiana/;;US;South Bend;IN;(800) 262-7387;Mold Remediation
Homesource IAQ;;;https://homesourcemichiana.com/indoor-air-quality/;;US;South Bend;Indiana;(574) 273-0889;Mold Remediation
Homesource Inspections;;;https://www.homesourcemichiana.com/;;US;South Bend;Indiana;(574) 273-0889;Mold Remediation
Everdry Waterproofing: Serving Michigan & Indiana;;;https://everdryhomeservices.com/;;US;South Bend;Indiana;(574) 272-3788;Mold Remediation
Koorsen Environmental Services;;;https://koorsenes.com/home/;;US;South Bend;Indiana;(574) 807-0717;Mold Remediation
Polar Clean;;;https://www.polarclean.com/;;US;South Bend;Indiana;(855) 537-9423;Mold Remediation
HomeWorks Construction;;;http://www.gohomeworks.com/;;US;South Bend;Indiana;(574) 318-9675;Mold Remediation
A+ Services;;;https://aplusrs.com/;;US;Carmel;Indiana;(317) 676-5561;Mold Remediation
Five Star Complete;;;https://fivestarindy.com/?utm_source=google&utm_medium=organic&utm_campaign=gmb-96-st-indianapolis-in;;US;Indianapolis;Indiana;(317) 505-1149;Mold Remediation
Aqua Express Restoration of Carmel LLC;;;https://www.aquaexpressrestoration.com/indiana;;US;Carmel;Indiana;(317) 202-1600;Mold Remediation
Stanley Steemer;;;https://www.stanleysteemer.com/locations/IN/Indianapolis/570;;US;Carmel;Indiana;(317) 875-5974;Mold Remediation
Window Genie of N Indianapolis;;;https://www.windowgenie.com/indianapolis-north/?cid=LSTL_WDG000206&utm_source=gmb&utm_campaign=local&utm_medium=organic;;USA;;;(317) 759-3907;Mold Remediation
Home Experts of Indiana;;;https://homeexpertsofindiana.com/contact/;;US;Carmel;Indiana;(317) 933-1000;Mold Remediation
AY Remodeling & Restoration LLC;;;https://ayremodeling.co/;;US;Carmel;Indiana;(317) 828-1191;Mold Remediation
Exclusive Renovation, LLC-General Construction;;;http://xreno.com/;;US;Carmel;Indiana;(317) 565-7355;Mold Remediation
Fadely Home Design;;;https://www.fadelyhomedesign.com/;;US;Carmel;Indiana;(317) 594-8693;Mold Remediation
Chapman Neil Property Solutions;;;http://www.chapmanneil.com/;;US;Carmel;Indiana;(317) 808-4902;Mold Remediation
Koala Insulation of North Indy;;;https://koalainsulation.com/North-Indy?utm_source=extnet&utm_medium=yext;;US;Carmel;Indiana;(317) 981-2326;Mold Remediation
Langenwalter Carpet Cleaning;;;http://www.any-spot.com/;;US;Carmel;Indiana;(317) 876-9944;Mold Remediation
RAL Inspection Services;;;https://ralis.com/;;US;Carmel;Indiana;(800) 766-2366;Mold Remediation
Sparkle Buggy Detail;;;http://sparklebuggydetail.com/;;US;Carmel;Indiana;(317) 403-1614;Mold Remediation
Security Home Inspections;;;https://securityhomeinspection.com/;;US;Carmel;Indiana;(317) 848-1744;Mold Remediation
Resolute RDM (Realty. Development. Management.);;;https://www.resoluterdm.com/?utm_campaign=gmb;;US;Indianapolis;Indiana;(317) 740-1408;Mold Remediation
DBR General Engineering;;;https://www.dbrgeneng.com/;;US;Yuma;Arizona;(760) 297-5070;Mold Remediation
Yuma Water and Mold Restoration;;;https://yuma-water-and-mold-restoration.com/;;USA;;;(928) 750-0375;Mold Remediation
FloodAway Fast;;;https://floodawayfast.site/;;US;Yuma;Arizona;(928) 295-1960;Mold Remediation
Sunnyside Construction;;;https://www.azsunnyside.com/;;US;Yuma;Arizona;(928) 785-2285;Mold Remediation
Comstock Air;;;https://www.comstockairyuma.com/?utm_source=google&utm_medium=organic&utm_campaign=gbp;;US;Yuma;Arizona;(928) 783-7062;Mold Remediation
Cook Flood & Water Damage Restoration;;;https://cookwaterhopatcong.com/;;US;Quincy;Massachusetts;(617) 380-2562;Mold Remediation
DCM Environmental Testing Co;;;https://www.dcmenvironmentaltesting.com/?utm_source=google&utm_medium=organic&utm_campaign=Google_My_Business;;US;Quincy;Massachusetts;(617) 481-5782;Mold Remediation
Attack A Crack;;;https://www.attackacrack.com/;;US;Quincy;Massachusetts;(617) 668-1677;Mold Remediation
Green Line Air Duct Cleaning;;;http://www.greenlineairduct.com/;;US;Quincy;Massachusetts;(617) 821-7287;Mold Remediation
Dave Crowley Services;;;http://www.davecrowley.com/;;US;Quincy;Massachusetts;(781) 556-1910;Mold Remediation
David Crowley;;;http://www.davecrowley.com/;;US;Quincy;Massachusetts;(781) 556-1910;Mold Remediation
BBIC Contracting and Restoration;;;http://www.bbicservices.com/;;US;Quincy;Massachusetts;(781) 248-7567;Mold Remediation
Luongo Contracting, LLC;;;http://www.luongocontracting.com/contact.html;;US;Quincy;Massachusetts;(857) 234-1274;Mold Remediation
Atlantic Water Remediation;;;https://atlanticwaterremediation.com/;;USA;;;(857) 347-1809;Mold Remediation
Drain Flow inc .;;;http://www.drainflowinc.com/;;USA;;;(617) 892-3511;Mold Remediation
HiCleaners;;;https://www.hicleaners.net/;;US;Quincy;Massachusetts;(781) 333-8758;Mold Remediation
